<?xml version="1.0" encoding="UTF-8"?>
<mxfile host="app.diagrams.net" modified="2024-05-03T06:23:22.928Z" agent="Mozilla/5.0 (Windows NT 10.0; Win64; x64) AppleWebKit/537.36 (KHTML, like Gecko) Chrome/124.0.0.0 Safari/537.36" etag="3k4IjIZRcYm69_BXVjlw" version="24.2.3" type="device">
  <diagram name="Page-1" id="nLmS5W_m-rdg_j1GBHbu">
    <mxGraphModel dx="954" dy="600" grid="0" gridSize="10" guides="1" tooltips="1" connect="1" arrows="1" fold="1" page="1" pageScale="1" pageWidth="850" pageHeight="1100" math="0" shadow="0">
      <root>
        <mxCell id="0" />
        <mxCell id="1" parent="0" />
        <mxCell id="CGO2kHOvqjiqRW8uYm-N-1" value="&lt;b&gt;Requirements&lt;/b&gt;" style="rounded=0;whiteSpace=wrap;html=1;fillColor=#f8cecc;strokeColor=#b85450;" vertex="1" parent="1">
          <mxGeometry x="40" y="40" width="150" height="60" as="geometry" />
        </mxCell>
        <mxCell id="CGO2kHOvqjiqRW8uYm-N-7" style="edgeStyle=orthogonalEdgeStyle;rounded=0;orthogonalLoop=1;jettySize=auto;html=1;entryX=0.593;entryY=-0.017;entryDx=0;entryDy=0;entryPerimeter=0;" edge="1" parent="1" source="CGO2kHOvqjiqRW8uYm-N-2" target="CGO2kHOvqjiqRW8uYm-N-3">
          <mxGeometry relative="1" as="geometry">
            <mxPoint x="370" y="190" as="targetPoint" />
            <Array as="points">
              <mxPoint x="369" y="150" />
            </Array>
          </mxGeometry>
        </mxCell>
        <mxCell id="CGO2kHOvqjiqRW8uYm-N-2" value="&lt;b&gt;Design&lt;/b&gt;" style="rounded=0;whiteSpace=wrap;html=1;fillColor=#dae8fc;strokeColor=#6c8ebf;" vertex="1" parent="1">
          <mxGeometry x="160" y="120" width="150" height="60" as="geometry" />
        </mxCell>
        <mxCell id="CGO2kHOvqjiqRW8uYm-N-3" value="&lt;b&gt;Implementation&lt;/b&gt;" style="rounded=0;whiteSpace=wrap;html=1;fillColor=#d5e8d4;strokeColor=#82b366;" vertex="1" parent="1">
          <mxGeometry x="280" y="200" width="150" height="60" as="geometry" />
        </mxCell>
        <mxCell id="CGO2kHOvqjiqRW8uYm-N-9" style="edgeStyle=orthogonalEdgeStyle;rounded=0;orthogonalLoop=1;jettySize=auto;html=1;" edge="1" parent="1">
          <mxGeometry relative="1" as="geometry">
            <mxPoint x="610" y="360" as="targetPoint" />
            <mxPoint x="550" y="320" as="sourcePoint" />
            <Array as="points">
              <mxPoint x="611" y="320" />
            </Array>
          </mxGeometry>
        </mxCell>
        <mxCell id="CGO2kHOvqjiqRW8uYm-N-4" value="&lt;b&gt;Verification&lt;/b&gt;" style="rounded=0;whiteSpace=wrap;html=1;fillColor=#e1d5e7;strokeColor=#9673a6;" vertex="1" parent="1">
          <mxGeometry x="400" y="280" width="150" height="60" as="geometry" />
        </mxCell>
        <mxCell id="CGO2kHOvqjiqRW8uYm-N-5" value="&lt;b&gt;Maintenance&lt;/b&gt;" style="rounded=0;whiteSpace=wrap;html=1;fillColor=#ffe6cc;strokeColor=#d79b00;" vertex="1" parent="1">
          <mxGeometry x="520" y="360" width="150" height="60" as="geometry" />
        </mxCell>
        <mxCell id="CGO2kHOvqjiqRW8uYm-N-6" style="edgeStyle=orthogonalEdgeStyle;rounded=0;orthogonalLoop=1;jettySize=auto;html=1;exitX=1;exitY=0.5;exitDx=0;exitDy=0;entryX=0.627;entryY=-0.017;entryDx=0;entryDy=0;entryPerimeter=0;" edge="1" parent="1" source="CGO2kHOvqjiqRW8uYm-N-1" target="CGO2kHOvqjiqRW8uYm-N-2">
          <mxGeometry relative="1" as="geometry" />
        </mxCell>
        <mxCell id="CGO2kHOvqjiqRW8uYm-N-8" style="edgeStyle=orthogonalEdgeStyle;rounded=0;orthogonalLoop=1;jettySize=auto;html=1;entryX=0.573;entryY=0.05;entryDx=0;entryDy=0;entryPerimeter=0;" edge="1" parent="1" source="CGO2kHOvqjiqRW8uYm-N-3" target="CGO2kHOvqjiqRW8uYm-N-4">
          <mxGeometry relative="1" as="geometry">
            <Array as="points">
              <mxPoint x="486" y="230" />
            </Array>
          </mxGeometry>
        </mxCell>
      </root>
    </mxGraphModel>
  </diagram>
</mxfile>
